Order,Weight
0.0,0.21811020374298096
1.0,0.22025689482688904
2.0,0.21736520528793335
3.0,0.21979151666164398
4.0,0.12447621673345566
